INSERT INTO public.users (user_id, enabled, password, registered_date, username, team_id) VALUES (3, true, '$2a$10$cLiRinUuxislmaDHqwXHY.0GQE6Ah3Jraxk1cig7ufL1nDmT/bw/S ', '2023-05-22 21:03:15.000000', 'TestUser23', null);
INSERT INTO public.users (user_id, enabled, password, registered_date, username, team_id) VALUES (6, true, '$2a$10$gLxDr5kS.OJnBG/TtbMoBe8XPrvR2Najr2KYeFNxvDCICVw5Ycg52 ', '2023-05-22 21:03:21.000000', 'Petr', null);
INSERT INTO public.users (user_id, enabled, password, registered_date, username, team_id) VALUES (5, true, '$2a$10$rSFzfudvPT7Oc8TE03i0pepjPt373LqCZN.fxmmhjkHNKnPydizIa ', '2023-05-22 21:03:19.000000', 'Noobmaster96', null);
INSERT INTO public.users (user_id, enabled, password, registered_date, username, team_id) VALUES (4, true, '$2a$10$TbXyrxJHBfwp9QgbjRhZ8.rUzRoRbj13qvQTZwbSxqgYxY4tMUrai ', '2023-05-22 21:03:18.000000', 'TheLegend27', null);
INSERT INTO public.users (user_id, enabled, password, registered_date, username, team_id) VALUES (2, true, '$2a$10$5xL4EDcAnAVw9PLEiyRaceUzEk7UATF9OFj7oSCyfFZk1B8uMANFO', '2023-05-22 21:03:13.000000', 'Admin', null);
INSERT INTO public.users (user_id, enabled, password, registered_date, username, team_id) VALUES (1, true, '$2a$10$niNzJHNMT7sZ8tEzdas0vOfggTjpU1yflUwzv5UDMdPVybav1qFx.', '2023-04-15 21:58:51.744311', 'User00', null);
INSERT INTO public.role (role_id, description, name) VALUES (1, 'Allow user account to edit other users.', 'ROLE_USER_EDIT');
INSERT INTO public.role (role_id, description, name) VALUES (2, 'Allow user account to edit other users.', 'ROLE_USER_MANAGE_OWN');
INSERT INTO public.role (role_id, description, name) VALUES (3, 'Allow user account to edit other users.', 'ROLE_USER_DELETE');
INSERT INTO public.role (role_id, description, name) VALUES (4, 'Allow user account to edit other users.', 'ROLE_USER_CREATE');
INSERT INTO public.role (role_id, description, name) VALUES (5, 'Allow user account to edit other users.', 'ROLE_USER_ENABLE');
INSERT INTO public.role (role_id, description, name) VALUES (6, 'Allow user account to edit other users.', 'ROLE_USER_LIST');
INSERT INTO public.team (team_id, description, name, leader_id, mentor_id) VALUES (1, 'Yeah', 'Ready Player One', 1, 1);
INSERT INTO public.team (team_id, description, name, leader_id, mentor_id) VALUES (2, 'Not yeah', 'Tarsis', 2, 2);
INSERT INTO public.team_members (team_team_id, members_user_id) VALUES (1, 1);
INSERT INTO public.team_members (team_team_id, members_user_id) VALUES (2, 2);
INSERT INTO public.team_members (team_team_id, members_user_id) VALUES (1, 3);
INSERT INTO public.team_members (team_team_id, members_user_id) VALUES (2, 4);
INSERT INTO public.team_members (team_team_id, members_user_id) VALUES (1, 5);
INSERT INTO public.team_members (team_team_id, members_user_id) VALUES (2, 6);
INSERT INTO public.tournament (tournament_id, description, end_date_time, name, start_date_time) VALUES (1, 'A really good Tournament', '2023-05-27 21:09:20.000000', 'Good Tournament', '2023-05-22 21:09:31.000000');
INSERT INTO public.match (match_id, description, name, team_one_id, team_two_id) VALUES (4, 'Round 4', '4th Round', 2, 1);
INSERT INTO public.match (match_id, description, name, team_one_id, team_two_id) VALUES (2, 'Round 2', '2nd Round', 2, 1);
INSERT INTO public.match (match_id, description, name, team_one_id, team_two_id) VALUES (3, 'Round 3', '3rd Round', 1, 2);
INSERT INTO public.match (match_id, description, name, team_one_id, team_two_id) VALUES (1, 'Round 1', '1st Round', 1, 2);
INSERT INTO public.match_team_one_players (match_match_id, team_one_players_user_id) VALUES (1, 1);
INSERT INTO public.match_team_one_players (match_match_id, team_one_players_user_id) VALUES (1, 3);
INSERT INTO public.match_team_one_players (match_match_id, team_one_players_user_id) VALUES (2, 2);
INSERT INTO public.match_team_one_players (match_match_id, team_one_players_user_id) VALUES (2, 4);
INSERT INTO public.match_team_one_players (match_match_id, team_one_players_user_id) VALUES (3, 1);
INSERT INTO public.match_team_one_players (match_match_id, team_one_players_user_id) VALUES (3, 5);
INSERT INTO public.match_team_one_players (match_match_id, team_one_players_user_id) VALUES (4, 2);
INSERT INTO public.match_team_one_players (match_match_id, team_one_players_user_id) VALUES (4, 6);
INSERT INTO public.match_team_two_players (match_match_id, team_two_players_user_id) VALUES (1, 2);
INSERT INTO public.match_team_two_players (match_match_id, team_two_players_user_id) VALUES (1, 6);
INSERT INTO public.match_team_two_players (match_match_id, team_two_players_user_id) VALUES (2, 1);
INSERT INTO public.match_team_two_players (match_match_id, team_two_players_user_id) VALUES (2, 5);
INSERT INTO public.match_team_two_players (match_match_id, team_two_players_user_id) VALUES (3, 4);
INSERT INTO public.match_team_two_players (match_match_id, team_two_players_user_id) VALUES (3, 6);
INSERT INTO public.match_team_two_players (match_match_id, team_two_players_user_id) VALUES (4, 3);
INSERT INTO public.match_team_two_players (match_match_id, team_two_players_user_id) VALUES (4, 5);
INSERT INTO public.tournament_matches (tournament_tournament_id, matches_match_id) VALUES (1, 1);
INSERT INTO public.tournament_matches (tournament_tournament_id, matches_match_id) VALUES (1, 2);
INSERT INTO public.tournament_matches (tournament_tournament_id, matches_match_id) VALUES (1, 3);
INSERT INTO public.tournament_matches (tournament_tournament_id, matches_match_id) VALUES (1, 4);
INSERT INTO public.tournament_participants (tournament_tournament_id, participants_team_id) VALUES (1, 2);
INSERT INTO public.tournament_participants (tournament_tournament_id, participants_team_id) VALUES (1, 1);
INSERT INTO public.user_role (role_id, user_id) VALUES (1, 2);
INSERT INTO public.user_role (role_id, user_id) VALUES (2, 2);
INSERT INTO public.user_role (role_id, user_id) VALUES (3, 2);
INSERT INTO public.user_role (role_id, user_id) VALUES (4, 2);
INSERT INTO public.user_role (role_id, user_id) VALUES (5, 2);
